start,end,duration,text,shot_id,track,style,notes
0.000,3.000,3.000,有时候不是累，是一直没停下来,S01,T1,white_text_black_shadow_bottom_safe,Import or recreate on Jianying subtitle track.
3.000,8.000,5.000,朋友说，下楼走三分钟,S02,T1,white_text_black_shadow_bottom_safe,Import or recreate on Jianying subtitle track.
8.000,15.000,7.000,不用聊天，也不用解释,S03,T1,white_text_black_shadow_bottom_safe,Import or recreate on Jianying subtitle track.
15.000,23.000,8.000,给自己一点空隙,S04,T1,white_text_black_shadow_bottom_safe,Import or recreate on Jianying subtitle track.
23.000,32.000,9.000,第一口下去，人才慢慢回来,S05,T1,white_text_black_shadow_bottom_safe,Import or recreate on Jianying subtitle track.
32.000,42.000,10.000,暂停一下，也算继续生活,S06,T1,white_text_black_shadow_bottom_safe,Import or recreate on Jianying subtitle track.
42.000,52.000,10.000,如果你也刚好在附近，给自己留三分钟,S07,T1,white_text_black_shadow_bottom_safe,Import or recreate on Jianying subtitle track.
52.000,57.000,5.000,附近有店的话，先下单，下来取,S08,T1,white_text_black_shadow_bottom_safe,Import or recreate on Jianying subtitle track.
57.000,60.000,3.000,给自己留三分钟,S09,T1,white_text_black_shadow_bottom_safe,Import or recreate on Jianying subtitle track.
